JR北海道	日高本線	北海道	!
JR北海道	花咲線	北海道	!
JR北海道	津軽海峡線	北海道	!
JR北海道	札沼線	北海道	!
JR北海道	函館本線	北海道	!
JR北海道	千歳線	北海道	!
JR北海道	学園都市線	北海道	!
JR北海道	宗谷本線	北海道	!
JR北海道	石北本線	北海道	!
JR北海道	釧網本線	北海道	!
JR北海道	留萌本線	北海道	!
JR北海道	根室本線	北海道	!
JR北海道	富良野線	北海道	!
JR北海道	石勝線	北海道	!
JR北海道	室蘭本線	北海道	!
JR北海道	江差線	北海道	!
JR東日本	東北本線	東北	!
JR東日本	仙山線	東北	!
JR東日本	仙石線	東北	!
JR東日本	磐越東線	東北	!
JR東日本	磐越西線	東北	!
JR東日本	石巻線	東北	!
JR東日本	気仙沼線	東北	!
JR東日本	釜石線	東北	!
JR東日本	八戸線	東北	!
JR東日本	大湊線	東北	!
JR東日本	山形線	東北	!
JR東日本	奥羽本線	東北	!
JR東日本	米坂線	東北	!
JR東日本	左沢線	東北	!
JR東日本	陸羽東線	東北	!
JR東日本	陸羽西線	東北	!
JR東日本	北上線	東北	!
JR東日本	田沢湖線	東北	!
JR東日本	花輪線	東北	!
JR東日本	男鹿線	東北	!
JR東日本	五能線	東北	!
JR東日本	津軽線	東北	!
JR東日本	羽越本線	東北	!
JR東日本	白新線	東北	!
青い森鉄道	青い森鉄道線	東北	!
仙台市交通局	仙台市営地下鉄	東北	!
JR東日本	大船渡線	東北	!
JR東日本	只見線	東北	!
JR東日本	山田線	東北	!
北越急行	ほくほく線	東北	!
JR東日本	山手線	関東	!
JR東日本	湘南新宿ライン	関東	!
JR東日本	東海道線	関東	!
JR東日本	横須賀線	関東	!
JR東日本	横浜線	関東	!
JR東日本	相模線	関東	!
JR東日本	南武線	関東	!
JR東日本	中央線快速電車	関東	!
JR東日本	中央･総武各駅停車	関東	!
JR東日本	総武快速線	関東	!
JR東日本	中央本線	関東	!
JR東日本	総武本線	関東	!
JR東日本	青梅線	関東	!
JR東日本	五日市線	関東	!
JR東日本	宇都宮線	関東	!
JR東日本	高崎線	関東	!
JR東日本	八高線	関東	!
JR東日本	日光線	関東	!
JR東日本	常磐線	関東	!
JR東日本	常磐線快速電車	関東	!
JR東日本	常磐線各駅停車	関東	!
JR東日本	内房線	関東	!
JR東日本	外房線	関東	!
JR東日本	成田線	関東	!
JR東日本	京葉線	関東	!
JR東日本	武蔵野線	関東	!
JR東日本	東金線	関東	!
JR東日本	久留里線	関東	!
JR東日本	吾妻線	関東	!
JR東日本	水郡線	関東	!
JR東日本	水戸線	関東	!
JR東日本	両毛線	関東	!
JR東日本	京浜東北線	関東	!
西武鉄道	西武線	関東	!
東武鉄道	東武線	関東	!
東京メトロ	銀座線	関東	!
東京メトロ	丸ノ内線	関東	!
東京メトロ	日比谷線	関東	!
東京メトロ	東西線	関東	!
東京メトロ	千代田線	関東	!
東京メトロ	有楽町線	関東	!
東京メトロ	半蔵門線	関東	!
東京メトロ	南北線	関東	!
東京メトロ	副都心線	関東	!
京成電鉄	京成線	関東	!
京王電鉄	京王電鉄線	関東	!
都営地下鉄	浅草線	関東	!
都営地下鉄	三田線	関東	!
都営地下鉄	新宿線	関東	!
都営地下鉄	大江戸線	関東	!
小田急電鉄	小田急線	関東	!
東京モノレール	東京モノレール	関東	!
りんかい線	りんかい線	関東	!
京浜急行電鉄	京急線	関東	!
日暮里･舎人ライナー	日暮里･舎人ライナー	関東	!
相模鉄道	相鉄線	関東	!
東京急行電鉄	東急線	関東	!
横浜市交通局	横浜市営地下鉄	関東	!
ゆりかもめ	ゆりかもめ	関東	!
JR東日本	埼京線	関東	!
JR東日本	川越線	関東	!
千葉モノレール	千葉モノレール	関東	!
多摩モノレール	多摩モノレール	関東	!
山陽電気鉄道	山陽電鉄線	関東	!
つくばエクスプレス	つくばエクスプレス線	関東	!
新京成電鉄	新京成線	関東	!
JR東日本	伊東線	関東	!
JR関東	高徳線	関東	!
JR東日本	烏山線	関東	!
JR東日本	鶴見線	関東	!
JR東日本	鹿島線	関東	!
名古屋鉄道	名鉄線	中部	!
JR東海	東海道本線	中部	!
JR東海	御殿場線	中部	!
JR東海	身延線	中部	!
JR東海	飯田線	中部	!
JR東海	武豊線	中部	!
JR東海	太多線	中部	!
JR東海	関西本線	中部	!
JR東海	紀勢本線	中部	!
JR東海	参宮線	中部	!
JR東海	名松線	中部	!
JR東日本	小海線	中部	!
JR東日本	篠ノ井線	中部	!
JR東日本	信越本線	中部	!
JR東日本	飯山線	中部	!
JR東日本	越後線	中部	!
JR東日本	弥彦線	中部	!
JR東日本	上越線	中部	!
JR西日本	北陸本線	中部	!
JR西日本	九頭竜線	中部	!
JR西日本	七尾線	中部	!
JR西日本	氷見線	中部	!
JR西日本	城端線	中部	!
JR西日本	高山本線	中部	!
JR西日本	大糸線	中部	!
名古屋市交通局	名古屋市営地下鉄	中部	!
しなの鉄道	しなの鉄道線	中部	!
JR西日本	大阪環状線	近畿	!
JR西日本	ＪＲゆめ咲線	近畿	!
JR西日本	ＪＲ宝塚線	近畿	!
JR西日本	琵琶湖線	近畿	!
JR西日本	ＪＲ京都線	近畿	!
JR西日本	湖西線	近畿	!
JR西日本	草津線	近畿	!
JR西日本	嵯峨野線	近畿	!
JR西日本	学研都市線	近畿	!
JR西日本	ＪＲ東西線	近畿	!
JR西日本	ＪＲ神戸線	近畿	!
JR西日本	阪和線	近畿	!
JR西日本	大和路線	近畿	!
JR西日本	奈良線	近畿	!
JR西日本	和歌山線	近畿	!
JR西日本	関西空港線	近畿	!
JR西日本	きのくに線	近畿	!
JR西日本	加古川線	近畿	!
JR西日本	播但線	近畿	!
JR西日本	舞鶴線	近畿	!
JR西日本	小浜線	近畿	!
JR西日本	福知山線	近畿	!
JR西日本	山陰本線	近畿	!
JR西日本	おおさか東線	近畿	!
大阪市交通局	大阪市営地下鉄	近畿	!
京阪電気鉄道	京阪線	近畿	!
阪神電気鉄道	阪神線	近畿	!
神戸電鉄	神戸電鉄線	近畿	!
大阪モノレール	大阪モノレール	近畿	!
JR西日本	万葉まほろば線	近畿	!
阪急電鉄	阪急線	近畿	!
南海電気鉄道	南海線	近畿	!
近畿日本鉄道	近鉄線	近畿	!
JR九州	豊肥本線	九州	!
能勢電鉄	能勢電鉄線	近畿	!
JR西日本	赤穂線	中国地方	!
JR西日本	姫新線	中国地方	!
JR西日本	宇野線	中国地方	!
JR西日本	津山線	中国地方	!
JR西日本	因美線	中国地方	!
JR西日本	吉備線	中国地方	!
JR西日本	伯備線	中国地方	!
JR西日本	境線	中国地方	!
JR西日本	芸備線	中国地方	!
JR西日本	福塩線	中国地方	!
JR西日本	木次線	中国地方	!
JR西日本	三江線	中国地方	!
JR西日本	呉線	中国地方	!
JR西日本	可部線	中国地方	!
JR西日本	宇部線	中国地方	!
JR西日本	山口線	中国地方	!
JR西日本	美祢線	中国地方	!
JR西日本	山陽本線	中国地方	!
JR西日本	岩徳線	中国地方	!
JR西日本	小野田線	中国地方	!
JR四国	瀬戸大橋線	四国	!
JR四国	予讃線	四国	!
JR四国	土讃線	四国	!
JR四国	牟岐線	四国	!
JR四国	徳島線	四国	!
JR四国	予土線	四国	!
JR四国	鳴門線	四国	!
JR九州	鹿児島本線	九州	!
JR九州	日豊本線	九州	!
JR九州	日田彦山線	九州	!
JR九州	筑肥線	九州	!
JR九州	長崎本線	九州	!
JR九州	佐世保線	九州	!
JR九州	大村線	九州	!
JR九州	肥薩線	九州	!
JR九州	吉都線	九州	!
JR九州	日南線	九州	!
JR九州	指宿枕崎線	九州	!
西日本鉄道	西鉄線	九州	!
福岡市交通局	福岡市営地下鉄	九州	!
JR九州	宮崎空港線	九州	!
JR九州	久大本線	九州	!
JR九州	唐津線	九州	!
JR九州	後藤寺線	九州	!
JR九州	香椎線	九州	!
JR九州	三角線	九州	!
土佐くろしお鉄道	土佐くろしお鉄道線	四国	!
愛知環状鉄道	愛知環状鉄道	中部	!
三陸鉄道	三陸鉄道線	東北	!
智頭急行	智頭急行線	中国地方	!
あおなみ線	あおなみ線	未分類	!
神戸市交通局	神戸市営地下鉄	未分類	!
JR九州	福北ゆたか線	未分類	!
JR九州	筑豊本線	未分類	!
JR九州	若松線	未分類	!
名古屋市営地下鉄	東山線	未分類	!
阪急電鉄	神戸線	未分類	!
阪急電鉄	宝塚線	未分類	!
名古屋市営地下鉄	鶴舞線	未分類	!
名古屋市営地下鉄	名港線	未分類	!
小田急電鉄	小田原線	未分類	!
小田急電鉄	江ノ島線	未分類	!
東京メトロ	東葉高速線	未分類	!
東武鉄道	東武アーバンパークライン	未分類	!
JR西日本	JR京都線	未分類	!
JR西日本	JR神戸線	未分類	!
JR西日本	JR宝塚線	未分類	!
西武鉄道	拝島線	未分類	!
西武鉄道	国分寺線	未分類	!
東武鉄道	東武スカイツリーライン･伊勢崎線	未分類	!
福岡市営地下鉄	空港線･箱崎線	未分類	!
JR九州	筑肥線･地下鉄（直通列車）	未分類	!
JR東海	東海道本線（名古屋地区）	未分類	!
IGRいわて銀河鉄道	いわて銀河鉄道線	未分類	!
JR西日本	JR東西線	未分類	!
小田急電鉄	特急電車	未分類	!
愛知環状鉄道	愛知環状鉄道線	未分類	!
近畿日本鉄道	橿原線	未分類	!
近畿日本鉄道	京都線	未分類	!
近畿日本鉄道	名古屋線	未分類	!
近畿日本鉄道	志摩線	未分類	!
近畿日本鉄道	鳥羽線	未分類	!
名古屋鉄道	常滑線	未分類	!
名古屋鉄道	空港線	未分類	!
三陸鉄道	南リアス線	未分類	!
南海電気鉄道	南海本線	未分類	!
JR東海	東海道本線（静岡地区）	未分類	!
京成電鉄	押上線	未分類	!
京成電鉄	北総線	未分類	!
JR九州	九州新幹線	未分類	!
近畿日本鉄道	大阪線	未分類	!
近畿日本鉄道	南大阪線	未分類	!
東急電鉄	目黒線	未分類	!
東京メトロ	埼玉高速鉄道線	未分類	!
東急電鉄	田園都市線	未分類	!
京王電鉄	京王線	未分類	!
西日本鉄道	天神大牟田線	未分類	!
京成電鉄	京成本線	未分類	!
神戸新交通	ポートライナー	未分類	!
神戸新交通	六甲ライナー	未分類	!
京急電鉄	大師線	未分類	!
阪急電鉄	千里線	未分類	!
東急電鉄	東急多摩川線	未分類	!
関東鉄道	常総線	未分類	!
東急電鉄	池上線	未分類	!
京王電鉄	井の頭線	未分類	!
JR西日本	大糸線（北陸地区）	未分類	!
JR東日本	大糸線（信越地区）	未分類	!
JR西日本	JRゆめ咲線	未分類	!
JR西日本	JR奈良線	未分類	!
JR西日本	北陸本線（北陸地区）	未分類	!
JR西日本	山陰本線（中国地区）	未分類	!
西武鉄道	西武新宿線	未分類	!
JR西日本	山陽本線（中国地区）	未分類	!
名古屋鉄道	名古屋本線	未分類	!
東急電鉄	東横線	未分類	!
西武鉄道	池袋線	未分類	!
西武鉄道	西武有楽町線	未分類	!
東京メトロ	東京メトロ南北線	未分類	!
小田急電鉄	小田急特急	未分類	!
JR東海	高山本線（東海地区）	未分類	!
JR東日本	羽越本線（信越地区）	未分類	!
JR西日本	山陰本線（近畿地区）	未分類	!
東急電鉄	みなとみらい線	未分類	!
西武鉄道	西武秩父線	未分類	!
JR東日本	只見線（東北地区）	未分類	!
JR東日本	磐越西線（東北地区）	未分類	!
東武鉄道	東上本線	未分類	!
JR東日本	水郡線（東北地区）	未分類	!
JR東日本	JR宇都宮線	未分類	!
名古屋鉄道	瀬戸線	未分類	!
神戸市営地下鉄	西神	未分類	!
神戸市営地下鉄	海岸線	未分類	!
JR西日本	山陽線（近畿地区）	未分類	!
JR東日本	常磐線（関東地区）	未分類	!
神戸市営地下鉄	西神･山手線	未分類	!
JR東日本	信越本線（信越地区）	未分類	!
JR東日本	羽越本線（東北地区）	未分類	!
阪急電鉄	箕面線	未分類	!
横浜市営地下鉄	ブルーライン	未分類	!
東武鉄道	東武特急	未分類	!
東武鉄道	東武日光線	未分類	!
智頭急行	智頭線	未分類	!
JR西日本	北陸本線（近畿地区）	未分類	!
JR東海	関西本線（東海地区）	未分類	!
西武鉄道	西武園線	未分類	!
西武鉄道	多摩湖線	未分類	!
西武鉄道	特急レッドアロー	未分類	!
JR西日本	瀬戸大橋線（中国地区）	未分類	!
JR四国	瀬戸大橋線（四国地区）	未分類	!
ゆとりーとライン	ゆとりーとライン	未分類	!
JR東日本	米坂線（東北地区）	未分類	!
JR東日本	米坂線（信越地区）	未分類	!
南海電気鉄道	高野線（汐見橋方面）	未分類	!
小田急電鉄	多摩線	未分類	!
小田急電鉄	特急ロマンスカー	未分類	!
JR東日本	磐越西線（信越地区）	未分類	!
JR東日本	信越本線（関東地区）	未分類	!
JR九州	篠栗線（福北ゆたか線）	未分類	!
名古屋鉄道	各務原線	未分類	!
東武鉄道	特急りょうもう	未分類	!
遠州鉄道	遠州鉄道線	未分類	!
JR東日本	中央本線（関東地区）	未分類	!
静岡鉄道	静岡鉄道線	未分類	!
阪急電鉄	阪急宝塚線	未分類	!
JR西日本	高山本線（北陸地区）	未分類	!
南海電気鉄道	南海特急	未分類	!
南海電気鉄道	高野線	未分類	!
南海電気鉄道	特急こうや	未分類	!
南海電気鉄道	りんかん	未分類	!
南海電気鉄道	特急こうや･りんかん	未分類	!
JR東日本	只見線（信越地区）	未分類	!
都営地下鉄	都営新宿線	未分類	!
名古屋鉄道	名鉄空港線	未分類	!
伊豆急行	伊豆急行線	未分類	!
南海電気鉄道	和歌山港線	未分類	!
南海電気鉄道	特急サザン	未分類	!
名古屋鉄道	三河線	未分類	!
南海電気鉄道	泉北高速鉄道線	未分類	!
南海電気鉄道	泉北高速線	未分類	!
西武鉄道	豊島線	未分類	!
東武鉄道	越生線	未分類	!
JR東日本	中央本線（信越地区）	未分類	!
肥薩おれんじ鉄道	肥薩おれんじ鉄道線	未分類	!
天竜浜名湖鉄道	天竜浜名湖線	未分類	!
南海電気鉄道	南海空港線	未分類	!
南海電気鉄道	特急ラピート	未分類	!
近畿日本鉄道	吉野線	未分類	!
名古屋鉄道	犬山線	未分類	!
長野電鉄	長野電鉄線	未分類	!
名古屋市営地下鉄	上飯田線	未分類	!
名古屋市営地下鉄	名城線	未分類	!
JR西日本	山陽線	未分類	!
名古屋鉄道	特急ミュースカイ	未分類	!
東武鉄道	特急スペーシア	未分類	!
大阪市営地下鉄	千日前線	未分類	!
近畿日本鉄道	近鉄特急	未分類	!
阪神電気鉄道	阪神本線	未分類	!
阪神電気鉄道	阪神なんば線	未分類	!
阪神電気鉄道	神戸高速線	未分類	!
東急電鉄	大井町線	未分類	!
京成電鉄	千葉線	未分類	!
京成電鉄	千原線	未分類	!
近畿日本鉄道	鈴鹿線	未分類	!
西武鉄道	狭山線	未分類	!
京成電鉄	成田スカイアクセス線	未分類	!
三陸鉄道	北リアス線	未分類	!
井原鉄道	井原線	未分類	!
京成電鉄	東成田線	未分類	!
富山地方鉄道	富山地鉄電車	未分類	!
近畿日本鉄道	長野線	未分類	!
JR北海道	急行列車	未分類	!
京都市営地下鉄	烏丸線	未分類	!
名古屋鉄道	尾西線	未分類	!
名古屋鉄道	河和線	未分類	!
名古屋鉄道	知多新線	未分類	!
阪急電鉄	嵐山線	未分類	!
東武鉄道	小泉線	未分類	!
東武鉄道	亀戸線	未分類	!
名古屋鉄道	蒲郡線	未分類	!
大阪市営地下鉄	南港ポートタウン線	未分類	!
名古屋鉄道	羽島線	未分類	!
名古屋鉄道	広見線	未分類	!
京成電鉄	特急スカイライナー	未分類	!
大阪市営地下鉄	谷町線	未分類	!
大阪市営地下鉄	北大阪急行線	未分類	!
松浦鉄道	松浦鉄道線	未分類	!
大阪市営地下鉄	中央線	未分類	!
近畿日本鉄道	けいはんな線	未分類	!
伊豆箱根鉄道	駿豆線	未分類	!
伊豆箱根鉄道	大雄山線	未分類	!
しなの鉄道	北しなの線	未分類	!
えちごトキめき鉄道	妙高はねうまライン	未分類	!
横浜市営地下鉄	グリーンライン	未分類	!
大阪市営地下鉄	四つ橋線	未分類	!
名古屋鉄道	津島線	未分類	!
名古屋鉄道	豊田線	未分類	!
JR東日本	上野東京ライン	未分類	!
IRいしかわ鉄道	IRいしかわ鉄道線	未分類	!
あいの風とやま鉄道	あいの風とやま鉄道線	未分類	!
大阪市営地下鉄	長堀鶴見緑地線	未分類	!
東武鉄道	日光線特急	未分類	!
東武鉄道	伊勢崎線特急	未分類	!
東武鉄道	東武スカイツリーライン	未分類	!
東武鉄道	伊勢崎線	未分類	!
えちごトキめき鉄道	日本海ひすいライン	未分類	!
近畿日本鉄道	湯の山線	未分類	!
土佐くろしお鉄道	中村･宿毛線	未分類	!
大阪市営地下鉄	堺筋線	未分類	!
近畿日本鉄道	生駒線	未分類	!
阪急電鉄	今津線	未分類	!
名古屋鉄道	西尾線	未分類	!
西日本鉄道	貝塚線	未分類	!
JR西日本	和田岬線	未分類	!
西武鉄道	多摩川線	未分類	!
関東鉄道	竜ヶ崎線	未分類	!
東急電鉄	こどもの国線	未分類	!
東急電鉄	世田谷線	未分類	!
東武鉄道	佐野線	未分類	!
福岡市営地下鉄	七隈線	未分類	!
南海電気鉄道	高師浜線	未分類	!
富士急行	富士急行線	未分類	!
JR四国	内子線	未分類	!
高松琴平電気鉄道	琴平線	未分類	!
阪急電鉄	伊丹線	未分類	!
東武鉄道	鬼怒川線	未分類	!
名古屋鉄道	豊川線	未分類	!
伊予鉄道	郡中線	未分類	!
高松琴平電気鉄道	長尾線	未分類	!
甘木鉄道	甘木線	未分類	!
北九州モノレール	北九州モノレール	未分類	!
近江鉄道	近江鉄道線	未分類	!
高松琴平電気鉄道	志度線	未分類	!
伊予鉄道	高浜線	未分類	!
JR西日本	羽衣線	未分類	!
東武鉄道	桐生線	未分類	!
南海電気鉄道	加太線	未分類	!
小湊鐵道	小湊鐵道線	未分類	!
いすみ鉄道	いすみ線	未分類	!
真岡鐵道	真岡線	未分類	!
会津鉄道	会津線	未分類	!
阿武隈急行	阿武隈急行線	未分類	!
JR東日本	仙石東北ライン	未分類	!
鹿島臨海鉄道	大洗鹿島線	未分類	!
近畿日本鉄道	天理線	未分類	!
京王電鉄	動物園線	未分類	!
伊予鉄道	横河原線	未分類	!
名古屋鉄道	小牧線	未分類	!
ニューシャトル	ニューシャトル	未分類	!
大阪市営地下鉄	御堂筋線	未分類	!
名古屋鉄道	竹鼻線	未分類	!
小湊鐵道	観光列車	未分類	!
京王電鉄	競馬場線	未分類	!
名古屋市営地下鉄	桜通線	未分類	!
名古屋鉄道	築港線	未分類	!
近畿日本鉄道	御所線	未分類	!
JR西日本		未分類	!
JR西日本	宇野みなと線	未分類	!
道南いさりび鉄道	道南いさりび鉄道線	未分類	!
JR西日本	桃太郎線	未分類	!
近畿日本鉄道	田原本線	未分類	!
京成電鉄	金町線	未分類	!
南海電気鉄道	高野線汐見橋方面	未分類	!
JR東日本	気仙沼線BRT	未分類	!
JR東日本	大船渡線BRT	未分類	!
京阪電気鉄道	男山ケーブル線	未分類	!
京阪電気鉄道	京津線	未分類	!
京阪電気鉄道	石山坂本線	未分類	!
札幌市営地下鉄	東豊線	未分類	!
大井川鐵道	井川線	未分類	!
三岐鉄道	北勢線	未分類	!
上毛電気鉄道	上毛線	未分類	!
大井川鐵道	大井川本線	未分類	!
小湊鉄道	小湊鉄道線	未分類	!
ひたちなか海浜鉄道	湊線	未分類	!
和歌山電鐵	貴志川線	未分類	!
三岐鉄道	三岐線	未分類	!
四日市あすなろう鉄道	四日市あすなろう鉄道線	未分類	!
松本電鉄	上高地線	未分類	!
上信電鉄	上信線	未分類	!
養老鉄道	養老線	未分類	!
近畿日本鉄道	西信貴鋼索線	未分類	!
能勢電鉄	妙見の森ケーブル	未分類	!
名古屋市営地下鉄	名城線･名港線	未分類	!
京阪電気鉄道	京阪本線	未分類	!
京阪電気鉄道	鴨東線	未分類	!
京阪電気鉄道	中之島線	未分類	!
豊橋鉄道	渥美線	未分類	!
阪急電鉄	京都本線	未分類	!
伊予鉄道	郊外電車	未分類	!
銚子電気鉄道	銚子電気鉄道線	未分類	!
南海電気鉄道	こうや	未分類	!
南海電気鉄道	泉北ライナー	未分類	!
阿佐海岸鉄道	阿佐東線	未分類	!
南海電気鉄道	多奈川線	未分類	!
阪急電鉄	神戸本線	未分類	!
樽見鉄道	樽見線	未分類	!
阪急電鉄	宝塚本線	未分類	!
近畿日本鉄道	信貴線	未分類	!
近畿日本鉄道	道明寺線	未分類	!
伊賀鉄道	伊賀線	未分類	!
北陸鉄道	石川線	未分類	!
北陸鉄道	浅野川線	未分類	!
京阪電気鉄道	交野線	未分類	!
京阪電気鉄道	宇治線	未分類	!
阪神電気鉄道	武庫川線	未分類	!
阪急電鉄	甲陽線	未分類	!
湘南モノレール	湘南モノレール	未分類	!
明知鉄道	明知線	未分類	!
弘南鉄道	弘南線	未分類	!
弘南鉄道	大鰐線	未分類	!
JR北海道	北海道新幹線	未分類	!
島原鉄道	島原鉄道線	未分類	!
南阿蘇鉄道	南阿蘇鉄道線	未分類	!
水島臨海鉄道	水島臨海鉄道線	未分類	!
近畿日本鉄道	生駒鋼索線	未分類	!
大阪メトロ	今里筋線	未分類	!
横浜シーサイドライン	金沢シーサイドライン	未分類	!
福島交通	飯坂線	未分類	!
上田電鉄	別所線	未分類	!
JR東海	東海道線（名古屋地区）	未分類	!
JR東海	東海道線（静岡地区）	未分類	!
JR東海	紀勢線	未分類	!
JR東海	高山線	未分類	!
JR東海	関西線	未分類	!
三陸鉄道	リアス線	未分類	!
横浜シーサイドライン	シーサイドライン	未分類	!
西武鉄道	S-TRAIN	未分類	!
JR東日本	相鉄線直通列車	未分類	!
大井川鐵道	SL急行	未分類	!
東武鉄道	SL	未分類	!
東武鉄道	DL大樹	未分類	!
京阪電気鉄道	鋼索線	未分類	!
秋田内陸縦貫鉄道	秋田内陸線	未分類	!
岳南電車	岳南線	未分類	!
平成筑豊鉄道	平成筑豊鉄道線	未分類	!
熊本電気鉄道	熊本電鉄線	未分類	!
